<?xml version="1.0" encoding="UTF-8"?>
<project-private xmlns="http://www.netbeans.org/ns/project-private/1">
    <editor-bookmarks xmlns="http://www.netbeans.org/ns/editor-bookmarks/2" lastBookmarkId="0"/>
    <open-files xmlns="http://www.netbeans.org/ns/projectui-open-files/2">
        <group>
            <file>file:/C:/Users/x441n/OneDrive%20-%20Universitas%20Sanata%20Dharma/Documents/NetBeansProjects/QueueProject/src/Main_dan_GUI/Tambah.java</file>
            <file>file:/C:/Users/x441n/OneDrive%20-%20Universitas%20Sanata%20Dharma/Documents/NetBeansProjects/QueueProject/src/Class/SingleLinkedList.java</file>
            <file>file:/C:/Users/x441n/OneDrive%20-%20Universitas%20Sanata%20Dharma/Documents/NetBeansProjects/QueueProject/src/Main_dan_GUI/Cari.java</file>
            <file>file:/C:/Users/x441n/OneDrive%20-%20Universitas%20Sanata%20Dharma/Documents/NetBeansProjects/QueueProject/src/Class/HairArtist.java</file>
            <file>file:/C:/Users/x441n/OneDrive%20-%20Universitas%20Sanata%20Dharma/Documents/NetBeansProjects/QueueProject/src/Class/ListNode.java</file>
            <file>file:/C:/Users/x441n/OneDrive%20-%20Universitas%20Sanata%20Dharma/Documents/NetBeansProjects/QueueProject/src/Class/Data.java</file>
            <file>file:/C:/Users/x441n/OneDrive%20-%20Universitas%20Sanata%20Dharma/Documents/NetBeansProjects/QueueProject/src/Main_dan_GUI/MainFrame.java</file>
            <file>file:/C:/Users/x441n/OneDrive%20-%20Universitas%20Sanata%20Dharma/Documents/NetBeansProjects/QueueProject/src/Class/Queue.java</file>
        </group>
    </open-files>
</project-private>
